<?xml version="1.0" encoding="utf-8"?>
<BuildToolAssociationList xmlns:xsi="http://www.w3.org/2001/XMLSchema-instance" xmlns:xsd="http://www.w3.org/2001/XMLSchema">
  <BuildToolList>
    <BuildToolAssociation>
      <BuildTool>%Glue%Libraries\BMFont\bmfont.exe</BuildTool>
      <IsBuildToolAbsolute>false</IsBuildToolAbsolute>
      <SourceFileType>bmfc</SourceFileType>
      <DestinationFileType>fnt</DestinationFileType>
      <IncludeDestination>true</IncludeDestination>
      <SourceFileArgumentPrefix>-c</SourceFileArgumentPrefix>
      <DestinationFileArgumentPrefix>-o</DestinationFileArgumentPrefix>
    </BuildToolAssociation>
  </BuildToolList>
</BuildToolAssociationList>