{"TreeNodeStates":[{"Text":"Entities","Children":[],"IsExpanded":false},{"Text":"Screens","Children":[{"Text":"DemoScreen","Children":[{"Text":"Files","Children":[{"Text":"DemoScreenGum.gusx","Children":[],"IsExpanded":false}],"IsExpanded":true},{"Text":"Objects","Children":[],"IsExpanded":false},{"Text":"Variables","Children":[],"IsExpanded":false},{"Text":"States","Children":[],"IsExpanded":false},{"Text":"Events","Children":[],"IsExpanded":false},{"Text":"Code","Children":[{"Text":"DemoScreen.cs","Children":[],"IsExpanded":false},{"Text":"DemoScreen.Generated.cs","Children":[],"IsExpanded":false}],"IsExpanded":false}],"IsExpanded":true},{"Text":"NewScreen","Children":[{"Text":"Files","Children":[{"Text":"NewScreenGum.gusx","Children":[],"IsExpanded":false}],"IsExpanded":false},{"Text":"Objects","Children":[],"IsExpanded":false},{"Text":"Variables","Children":[],"IsExpanded":false},{"Text":"States","Children":[],"IsExpanded":false},{"Text":"Events","Children":[],"IsExpanded":false},{"Text":"Code","Children":[{"Text":"NewScreen.cs","Children":[],"IsExpanded":false},{"Text":"NewScreen.Generated.cs","Children":[],"IsExpanded":false}],"IsExpanded":false}],"IsExpanded":false}],"IsExpanded":true},{"Text":"Global Content Files","Children":[{"Text":"GumProject.gumx","Children":[],"IsExpanded":false}],"IsExpanded":false}]}